run,        computer,   date,       h res,  v res,      domain,       dt,  rbcs,       eos,    f0,         beta,       description,
mrb_001,    cm4,        27.12.2024, 2,      variable,   100x100x50,    -,  no,         lin,    1.E-4,      0.E-11,     First production run,
mrb_002**,  Albedo,     10.01.2025, 20,     variable,   100x100x50,    3,  no,         lin,    1.E-4,      0.E-11,     Initial T and S from WOA and circular Q=150W,
mrb_003**,  Albedo,     17.01.2025, 20,     variable,   100x100x50,    3,  tau=86400,  lin,    1.E-4,      0.E-11,     Initial T and S from WOA and circular Q=150W and side sponges 2 cells deep,
mrb_004*,   Albedo,     17.01.2025, 20,     variable,   100x100x50,    3,  tau=8640,   lin,    1.E-4,      0.E-11,     Initial T and S from WOA and circular Q=150W and side sponges 2 cells deep,
mrb_005*,   Albedo,     20.01.2025, 20,     variable,   100x100x50,    3,  tau=864,    lin,    1.E-4,      0.E-11,     Initial T and S from WOA and circular Q=150W and side sponges 2 cells deep *crashes*,
mrb_006*,   Albedo,     20.01.2025, 20,     variable,   100x100x50,    3,  tau=864000, lin,    1.E-4,      0.E-11,     Initial T and S from WOA and circular Q=150W and side sponges 2 cells deep,
mrb_007**,  Albedo,     20.01.2025, 20,     variable,   100x100x50,    3,  tau=86400,  lin,    1.E-4,      0.E-11,     Initial T and S from WOA and circular Q=150W and side+bottom sponges 2 cells deep,
mrb_008*,   Albedo,     21.01.2025, 20,     variable,   100x100x50,    3,  tau=8640,   lin,    1.E-4,      0.E-11,     Initial T and S from WOA and circular Q=150W and side+bottom sponges 2 cells deep,
mrb_009*,   Albedo,     22.01.2025, 20,     variable,   100x100x50,    3,  tau=864000, lin,    1.E-4,      0.E-11,     Initial T and S from WOA and circular Q=150W and side+bottom sponges 2 cells deep,
mrb_010*,   Albedo,     22.01.2025, 20,     variable,   100x100x50,    3,  tau=86400,  lin,    1.E-4,      0.E-11,     Initial T and S from WOA and circular Q=75W and side+bottom sponges 2 cells deep *crashes*,
mrb_011*,   Albedo,     28.01.2025, 20,     variable,   100x100x50,    3,  tau=86400,  lin,    1.E-4,      0.E-11,     Initial T and S from WOA and circular Q=75W and side+bottom sponges 5 cells deep,
mrb_012*,   Albedo,     29.01.2025, 20,     variable,   100x100x50,    3,  no,         lin,    1.E-4,      0.E-11,     2-layer fluid with no sponges *accidentally compiled with the rbcs package in CODE so might need to redo*,
mrb_013**,  Albedo,     29.01.2025, 20,     variable,   100x100x50,    3,  tau=86400,  lin,    1.E-,       0.E-11,     Initial T and S from WOA and Q=0W and side+bottom sponges 5 cells deep,
mrb_014**,  Albedo,     29.01.2025, 20,     variable,   150x150x50,    3,  tau=8640000,lin,    1.E-4,      0.E-11,     Initial T and S from WOA and circular Q=75W and side+bottom sponges 5 cells deep *crashes with tau/10 and tau/100*,
mrb_015**,  Albedo,     30.01.2025, 20,     variable,   150x150x50,    3,  no,         lin,    1.E-4,      0.E-11,     Initial T and S from WOA and circular Q=75W and no sponges,
mrb_016**,  Albedo,     04.02.2025, 20,     variable,   100x100x50,    3,  no,         lin,    -1.358E-4,  -2.129E-11, Initial T (in-situ) and S (prac) from WOA (aut) and Q=0W and no sponges *noticed issues; ended up being sBeta=0*,
mrb_017**,  Albedo,     05.02.2025, 20,     variable,   100x100x50,    3,  no,         lin,    -1.358E-4,  -2.129E-11, Initial T (in-situ) and S (prac) from WOA (aut) and Q=75W and no sponges, #cf mrb016
mrb_018**,  Albedo,     05.02.2025, 20,     variable,   100x100x50,    3,  no,         teos10, -1.358E-4,  -2.129E-11, Initial T (in-situ) and S (prac) from WOA (aut) and Q=75W and no sponges, #cf mrb017
mrb_019**,  Albedo,     12.02.2025, 20,     variable,   100x100x50,    3,  no,         teos10, -1.358E-4,  -2.129E-11, Initial T (in-situ) and S (abs) from WOA (aut) and Q=75W and no sponges, #cf mrb018
mrb_020**,  Albedo,     12.02.2025, 20,     variable,   100x100x50,    3,  no,         teos10, -1.358E-4,  -2.129E-11, Initial T (in-situ) and S (abs) from WOA (aut) and Q=75W and no sponges and no saltStepping=F, #cf mrb019
mrb_021**,  Albedo,     12.02.2025, 20,     variable,   100x100x50,    3,  no,         lin,    -1.358E-4,  -2.129E-11, Initial T (in-situ) and S (abs) from WOA (aut) and Q=75W and no sponges and no saltStepping=F *accid. used SA*, #cf mrb020
mrb_022,    Albedo,     14.02.2025, 20,     variable,   100x100x50,    3,  no,         teos10, -1.358E-4,  -2.129E-11, Initial T (in-situ) and S (abs) from WOA (aut) and Q=825W and no sponges and no saltStepping=F,
mrb_023**,  Albedo,     14.02.2025, 20,     variable,   100x100x50,    3,  no,         teos10, -1.358E-4,  -2.129E-11, Initial T (in-situ) and S (pract) from WOA (aut) and Q=825W and no sponges and no saltStepping=F,
mrb_024,    Albedo,     18.02.2025, 20,     variable,   100x100x50,    3,  no,         lin,    -1.358E-4,  -2.129E-11, Initial T (in-situ) and S (pract) from WOA (aut) and Q=75W and no sponges and no saltStepping=F,
mrb_025**,  Albedo,     24.02.2025, 20,     variable,   100x100x50,    3,  no,         teos10, -1.358E-4,  -2.129E-11, Initial T (in-situ) from WOA and const. S (34.8) and Q=150W and no sponges and no saltStepping=F,	
mrb_026**,  Albedo,     24.02.2025, 20,     variable,   100x100x50,    3,  no,         teos10, -1.358E-4,  -2.129E-11, Initial T (in-situ) from WOA and const. S (34.8) and periodic Q=150W and no sponges and no saltStepping=F, 
mrb_027**,  Albedo,     25.02.2025, 20,     variable,   100x100x50,    3,  no,         teos10, -1.358E-4,  -2.129E-11, Initial T (in-situ) and S (pract; 0.5 x deviation) from WOA (aut) signal and periodic Q=150W and no sponges and no saltStepping=F,
mrb_028**,  Albedo,     26.02.2025, 20,     variable,   100x100x50,    3,  no,         teos10, -1.358E-4,  -2.129E-11, Initial T (theta) and S (abs; 0.9 x deviation) from WOA and Q=150W and no sponges and no saltStepping=F,
mrb_029**,  Albedo,     28.02.2025, 20,     variable,   100x100x50,    3,  no,         teos10, -1.358E-4,  -2.129E-11, Initial T (theta) and S (abs) from mooring (simplified) and Q=2500W and no sponges and no saltStepping=F and g=9.81,
mrb_030**,  Albedo,     02.03.2025, 20,     variable,   100x100x50,    3,  no,         teos10, -1.358E-4,  -2.129E-11, Initial T (theta) and S (abs) from mooring (simplified) and Q=10000W and no sponges and no saltStepping=F and g=9.81,
mrb_031**,  Albedo,     03.03.2025, 20,     variable,   100x100x50,    3,  tau=86400,  teos10, -1.358E-4,  -2.129E-11, Initial T (theta) and S (abs) from mooring (simplified) and Q=0W and side+bottom sponges 5 cells deep and no saltStepping=F and g=9.81,
mrb_032**,  Albedo,     03.03.2025, 20,     variable,   150x150x50,    3,  tau=86400,  teos10, -1.358E-4,  -2.129E-11, Initial T (theta) and S (abs) from mooring (simplified) and Q=2500W and side+bottom sponges 5 cells deep and no saltStepping=F and g=9.81,
mrb_033***, Albedo,     04.03.2025, 20,  var (500 m),   150x150x50,    3,  tau=86400,  teos10, -1.358E-4,  -2.129E-11, Initial T (theta) and S (abs) from mooring (woa above and below) and periodic Q=2500W and side+bottom sponges 5 cells deep and no saltStepping=F and g=9.81,
mrb_034***, Albedo,     06.03.2025, 20,  var (500 m),   150x150x50,    3,  tau=86400,  teos10, -1.358E-4,  -2.129E-11, Initial T (theta) and S (abs) from mooring (woa above and below) and Q=2500W and side+bottom sponges 5 cells deep and no saltStepping=F and g=9.81,
mrb_035**,  Albedo,     12.03.2025, 20,  var (500 m),   150x150x50,    3,  tau=86400,  teos10, -1.358E-4,   8.194E-12, Initial T (theta) and S (abs) from mooring (woa above and below) and Q=2500W and side+bottom sponges 5 cells deep and no saltStepping=F and g=9.81,
mrb_036**,  Albedo,     14.03.2025, 20,  var (500 m),   150x150x50,    3,  tau=86400,  teos10, -1.358E-4,   8.194E-12, Initial T (theta) and S (abs) from mooring (woa above and below) and periodic Q=2500W (implemented wrong?) and side+bottom sponges 10 and 15 cells deep (resp.) and no saltStepping=F and g=9.81 (and fixed relax mask for salt),
mrb_037**,  Albedo,     08.04.2025, 20,  var (500 m),   150x150x50,    3,  tau=86400,  teos10, -1.358E-4,   8.194E-12, Initial T (theta) and S (abs) from mooring (woa above and below) and Q=1250W and side+bottom sponges 10 and 15 cells deep (resp.) and no saltStepping=F and g=9.81 (and fixed relax mask for salt)and initalised non-zero horiz velocities (was a mistake; introduced unrealistic mixing),
mrb_038***, Albedo,     09.04.2025, 20,  var (500 m),   150x150x50,    3,  tau=86400,  teos10, -1.358E-4,   8.194E-12, Initial T (theta) and S (abs) from mooring on Sept 14 (woa above and below) and Q=1250W and side+bottom sponges 10 and 15 cells deep (resp.) and no saltStepping=F and g=9.81 (and fixed relax mask for salt) and initialised motionless horiz velocities,
mrb_039**,  Albedo,     12.04.2025, 20,  var (500 m),   150x150x50,    3,  tau=86400,  teos10, -1.358E-4,   8.194E-12, Initial T (theta) and S (abs) from mooring on Sept 14 (woa above and below) and Q=1250W and side+bottom sponges 10 and 15 cells deep (resp.) and no saltStepping=F and g=9.81 (and fixed relax mask for salt) and initialised motionless horiz velocities and diffusivitis=4E-3 and endTime=259200 and cg3dMaxIters=40,
mrb_040**,  Albedo,     14.04.2025, 20,  var (500 m),   150x150x50,    3,  tau=86400,  teos10, -1.358E-4,   8.194E-12, Initial T (theta) and S (abs) from mooring on Sept 14 (woa above and below) and periodic Q=1000W (48 hrs) and side+bottom sponges 10 and 15 cells deep (resp.) and no saltStepping=F and g=9.81 (and fixed relax mask for salt) and initialised motionless horiz velocities and diffusivitis=4E-3 and endTime=259200 and cg3dMaxIters=40,
mrb_041**,  Albedo,     14.04.2025, 20,  var (500 m),   150x150x50,    3,  tau=86400,  teos10, -1.358E-4,   8.194E-12, Initial T (theta) and S (abs) from mooring on Sept 14 (woa above and below) and periodic Q=1250W (48 hrs) and side+bottom sponges 10 and 15 cells deep (resp.) and no saltStepping=F and g=9.81 (and fixed relax mask for salt) and initialised motionless horiz velocities and diffusivitis=4E-3 and endTime=259200 and cg3dMaxIters=40,
mrb_042***, Albedo,     15.04.2025, 20,  var (500 m),   150x150x50,    3,  tau=86400,  teos10, -1.358E-4,   8.194E-12, Initial T (theta) and S (abs) from mooring on Sept 14 (woa above and below) and periodic Q=1250W (48 hrs) and side+bottom sponges 10 and 15 cells deep (resp.) and no saltStepping=F and g=9.81 (and fixed relax mask for salt) and initialised motionless horiz velocities and diffusivitis=0 and endTime=187200 and cg3dMaxIters=100 and advScheme=33 (attempt to reduce temp undershoots),
mrb_043**,  Albedo,     15.04.2025, 20,  var (500 m),   150x150x50,    3,  tau=86400,  teos10, -1.358E-4,   8.194E-12, Initial T (theta) and S (abs) from mooring on Sept 14 (woa above and below) and periodic Q=1250W (48 hrs) and side+bottom sponges 10 and 15 cells deep (resp.) and no saltStepping=F and g=9.81 (and fixed relax mask for salt) and initialised motionless horiz velocities and diffusivitis=1E-3 and endTime=187200 and cg3dMaxIters=100 and advScheme=33 (attempt to reduce temp undershoots),
mrb_044**,  Albedo,     16.04.2025, 20,  var (500 m),   150x150x50,    3,  tau=86400,  teos10, -1.358E-4,   8.194E-12, Initial T (theta) and S (abs) from mooring on Sept 14 (woa above and below) and periodic Q=2500W (48 hrs) and side+bottom sponges 10 and 15 cells deep (resp.) and no saltStepping=F and g=9.81 (and fixed relax mask for salt) and initialised motionless horiz velocities and diffusivitis=0 and endTime=187200 and cg3dMaxIters=40 and advScheme=33 (attempt to reduce temp undershoots) and allowFreezing=T (-1.9),
mrb_045**,  Albedo,     16.04.2025, 20,  var (500 m),   150x150x50,    3,  tau=86400,  teos10, -1.358E-4,   8.194E-12, Initial T (theta) and S (abs) from mooring on Sept 14 (woa SEPT above and below) and periodic Q=2500W (48 hrs) and side+bottom sponges 10 and 15 cells deep (resp.) and no saltStepping=F and g=9.81 (and fixed relax mask for salt) and initialised motionless horiz velocities and endTime=187200 and cg3dMaxIters=40 and advScheme=33 (attempt to reduce temp undershoots) and allowFreezing=T (-2),
mrb_046**,  Albedo,     16.04.2025, 20,  var (500 m),   150x150x50,    3,  tau=86400,  teos10, -1.358E-4,   8.194E-12, Initial T (theta) and S (abs) from mooring on Sept 14 (woa SEPT above and below) and periodic Q=2500W (48 hrs), S=-0.001 (48 hrs)  and side+bottom sponges 10 and 15 cells deep (resp.) and no saltStepping=F and g=9.81 (and fixed relax mask for salt) and initialised motionless horiz velocities and endTime=187200 and cg3dMaxIters=40 and advScheme=33 (attempt to reduce temp undershoots) and allowFreezing=T (-2),
mrb_047**,  Albedo,     17.04.2025, 20,  var (500 m),   150x150x50,    3,  tau=86400,  teos10, -1.358E-4,   8.194E-12, Initial T (theta) and S (abs) from mooring on Sept 14 (woa SEPT above and below) and periodic Q=2500W (48 hrs), S=-0.01 (48 hrs) and side+bottom sponges 10 and 15 cells deep (resp.) and no saltStepping=F and g=9.81 (and fixed relax mask for salt) and initialised motionless horiz velocities and endTime=187200 and cg3dMaxIters=40 and advScheme=33 (attempt to reduce temp undershoots) and allowFreezing=T (-2),
mrb_048**,  Albedo,     17.04.2025, 20,  var (500 m),   150x150x50,    3,  tau=86400,  teos10, -1.358E-4,   8.194E-12, Initial T (theta) and S (abs) from mooring on Sept 14 (woa SEPT above and below) and periodic Q=2500W (48 hrs), S=-0.05 (24 hrs) and side+bottom sponges 10 and 15 cells deep (resp.) and no saltStepping=F and g=9.81 (and fixed relax mask for salt) and initialised motionless horiz velocities and endTime=187200 and cg3dMaxIters=40 and advScheme=33 (attempt to reduce temp undershoots) and allowFreezing=T (-2.1),
mrb_049**,  Albedo,     18.04.2025, 20,  var (500 m),   150x150x50,    3,  tau=86400,  teos10, -1.358E-4,   8.194E-12, Initial T (theta) and S (abs) from mooring on Sept 14 (woa SEPT above and below) and periodic Q=2500W (71 hrs), S=-0.03 (48 hrs) and side+bottom sponges 10 and 15 cells deep (resp.) and no saltStepping=F and g=9.81 (and fixed relax mask for salt) and initialised motionless horiz velocities and endTime=187200 and cg3dMaxIters=40 and advScheme=33 (attempt to reduce temp undershoots) and allowFreezing=T (-2.05),
mrb_050**,  Albedo,     21.04.2025, 20,  var (500 m),   150x150x50,    3,  tau=86400,  teos10, -1.358E-4,   8.194E-12, Initial T (theta) and S (abs) from mooring on Sept 14 (woa SEPT above and below) and periodic Q=2500W (71 hrs), S=-0.03 (31 hrs) and side+bottom sponges 10 and 15 cells deep (resp.) and no saltStepping=F and g=9.81 (and fixed relax mask for salt) and initialised motionless horiz velocities and endTime=187200 and cg3dMaxIters=40 and advScheme=33 (attempt to reduce temp undershoots) and allowFreezing=T (-2.1),
mrb_051***, Albedo,     21.04.2025, 20,  var (500 m),   150x150x50,    3,  tau=86400,  teos10, -1.358E-4,   8.194E-12, Initial T (theta) and S (abs) from mooring on Sept 13 (woa SEPT above and below) and periodic Q=5000W (71 hrs), S=-0.03 (31 hrs) and side+bottom sponges 10 and 15 cells deep (resp.) and no saltStepping=F and g=9.81 (and fixed relax mask for salt) and initialised motionless horiz velocities and endTime=3d and cg3dMaxIters=40 and advScheme=33 (attempt to reduce temp undershoots) and allowFreezing=T (-2.06),
mrb_052***, Albedo,     22.04.2025, 20,  var (500 m),   150x150x50,    3,  tau=86400,  teos10, -1.358E-4,   8.194E-12, Initial T (theta) and S (abs) from mooring on Sept 13 (woa SEPT above and below) and periodic Q=5000W (71 hrs), S=-0.03 (31 hrs) and side+bottom sponges 10 and 15 cells deep (resp.) and no saltStepping=F and g=9.81 (and fixed relax mask for salt) and initialised motionless horiz velocities and endTime=3d and cg3dMaxIters=40 and advScheme=33 (attempt to reduce temp undershoots) and allowFreezing=T (-2.05),
mrb_053`,   Albedo,     04.07.2025, 20,  var (500 m),   150x150x50,    3,  tau=86400,  teos10, -1.358E-4,   8.194E-12, Initial T (theta) and S (abs) from mooring on Sept 13 (woa SEPT above and below) and periodic Q=5000W (71/10 hrs), S=-0.03 (31/10 hrs) and side+bottom sponges 10 and 15 cells deep (resp.) and no saltStepping=F and g=9.81 (and fixed relax mask for salt) and initialised motionless horiz velocities and endTime=3d and cg3dMaxIters=40 and advScheme=33 (attempt to reduce temp undershoots) and allowFreezing=T (-2.05) and surf buoy flux in diag (test with fractioned time domain),
mrb_054`,   Albedo,     07.07.2025, 20,  var (500 m),   150x150x50,    3,  tau=86400,  teos10, -1.358E-4,   8.194E-12, Initial T (theta) and S (abs) from mooring on Sept 13 (woa SEPT above and below) and periodic Q=5000W (71/10 hrs), S=-0.03 (31/10 hrs) and side+bottom sponges 10 and 15 cells deep (resp.) and no saltStepping=F and g=9.81 (and fixed relax mask for salt) and initialised motionless horiz velocities and endTime=3d and cg3dMaxIters=40 and advScheme=33 (attempt to reduce temp undershoots) and allowFreezing=T (-2.05) and many diags (test to compare with mrb_053) (test with fractioned time domain),
mrb_055`,   Albedo,     08.07.2025, 20,  var (500 m),   150x150x50,    3,  tau=86400,  teos10, -1.358E-4,   8.194E-12, Initial T (theta) and S (abs) from mooring on Sept 13 (woa SEPT above and below) and periodic Q=5000W (71/10 hrs), S=-0.03 (31/10 hrs) and side+bottom sponges 10 and 15 cells deep (resp.) and no saltStepping=F and g=9.81 (and fixed relax mask for salt) and initialised motionless horiz velocities and endTime=3d and cg3dMaxIters=40 and advScheme=33 (attempt to reduce temp undershoots) and allowFreezing=T (-2.05) and many diags (test to compare with mrb_054) (test with fractioned time domain),
mrb_056`,   Albedo,     09.07.2025, 20,  var (500 m),   150x150x50,    3,  tau=86400,  teos10, -1.358E-4,   8.194E-12, Initial T (theta) and S (abs) from mooring on Sept 13 (woa SEPT above and below) and periodic Q=5000W (71/10 hrs), S=-0.03 (31/10 hrs) and side+bottom sponges 10 and 15 cells deep (resp.) and no saltStepping=F and g=9.81 (and fixed relax mask for salt) and initialised motionless horiz velocities and endTime=3d and cg3dMaxIters=40 and advScheme=33 (attempt to reduce temp undershoots) and allowFreezing=T (-2.05) and new diag setup and 0.47 N/m**2 wind stress (test with fractioned time domain),
mrb_057**,  Albedo,     10.07.2025, 20,  var (500 m),   150x150x50,    3,  tau=86400,  teos10, -1.358E-4,   8.194E-12, Initial T (theta) and S (abs) from mooring on Sept 13 (woa SEPT above and below) and periodic Q=5000W (71 hrs), S=-0.03 (31 hrs) and side+bottom sponges 10 and 15 cells deep (resp.) and no saltStepping=F and g=9.81 (and fixed relax mask for salt) and initialised motionless horiz velocities and endTime=3d and cg3dMaxIters=40 and advScheme=33 (attempt to reduce temp undershoots) and allowFreezing=T (-2.05) and new diag setup (lots of diff/visc diags) and 0.47 N/m**2 wind stress,
mrb_058,    Albedo,     11.07.2025, 20,  var (500 m),   150x150x50,    3,  tau=86400,  teos10, -1.358E-4,   8.194E-12, Initial T (theta) and S (abs) from mooring on Sept 13 (woa SEPT above and below) and periodic Q=5000W (71/10 hrs), S=-0.03 (31/10 hrs) and side+bottom sponges 10 and 15 cells deep (resp.) and no saltStepping=F and g=9.81 (and fixed relax mask for salt) and initialised motionless horiz velocities and endTime=3d and cg3dMaxIters=40 and and allowFreezing=T (-2.05) and new diag setup (subset of diff/visc diags) and 0.21 N/m**2 wind stress (test with fractioned time domain),

Volume 2

mrb_059**,  Albedo,     27.08.2025,  2,            2,    200x1x200,    1,  no,         teos10, -1.358E-4,   8.194E-12, Initial theta and SA from mooring on Sept 4 (WOA Sept above/below/normalised between) and Q=200W, S=-0.03 and no sponges and no saltStepping=F and g=9.81 and initialised motionless horiz velocities and diffusivitis=0 and viscosities=4E-2 endTime=3d and cg3dMaxIters=40 and and allowFreezing=T (-2.05) and new diag setup (subset of diff/visc diags) and no wind stress,
mrb_060**,  Albedo,     27.08.2025,  2,            2,    200x1x200,    1,  no,         teos10, -1.358E-4,   8.194E-12, Initial theta and SA from mooring on Sept 4 (WOA Sept above/below/normalised between) and Q=200W, S=-0.03 and no sponges and no saltStepping=F and g=9.81 and initialised motionless horiz velocities and and diffusivitis=4E-3 and viscosities=4E-2 and schemes=33 and endTime=12d and cg3dMaxIters=40 and and allowFreezing=T (-2.05) and new diag setup (subset of diff/visc diags) and no wind stress,
mrb_061**,  Albedo,     28.08.2025,  2,            2,    200x1x200,    1,  no,         teos10, -1.358E-4,   8.194E-12, Initial theta and SA from mooring on Sept 4 (WOA Sept above/below/normalised between) and Q=200W, S=-0.03 for middle 50 cells and no sponges and no saltStepping=F and g=9.81 and initialised motionless horiz velocities and diffusivitis=4E-3 and viscosities=4E-2 and schemes=33 and endTime=6d and cg3dMaxIters=40 and and allowFreezing=T (-2.05) and new diag setup (subset of diff/visc diags) and no wind stress,
mrb_062**,  Albedo,     28.08.2025,  2,            2,    200x1x200,    1,  no,         teos10, -1.358E-4,   8.194E-12, Initial theta and SA from mooring on Sept 4 (WOA Sept above/below/normalised between) and Q=200W, S=-0.03 for middle 50 cells and no sponges and no saltStepping=F and g=9.81 and initialised motionless horiz velocities and diffusivitis=4E-3 and viscosities=4E-2 and schemes=33 and endTime=12d and cg3dMaxIters=40 and and allowFreezing=T (-1.95) and new diag setup (subset of diff/visc diags) and no wind stress,
mrb_063**,  Albedo,     29.08.2025,  2,            2,    200x1x200,    1,  no,         teos10, -1.358E-4,   8.194E-12, Initial theta and SA from mooring on Sept 4 (WOA Sept above/below/normalised between) and Q=200W, S=-0.01 for middle 50 cells and no sponges and no saltStepping=F and g=9.81 and initialised motionless horiz velocities and diffusivitis=1E-5 and viscosities=4E-2 and schemes=33 and endTime=12d and cg3dMaxIters=40 and and allowFreezing=T (-1.95) and new diag setup (subset of diff/visc diags) and no wind stress,
mrb_064**,  Albedo,     30.08.2025,  2,            2,    200x1x200,    1,  no,         teos10, -1.358E-4,   8.194E-12, Initial theta and SA from mooring on Sept 4 (WOA Sept above/below/normalised between) and Q=200W, S=-0.03 for middle 50 cells and no sponges and no saltStepping=F and g=9.81 and initialised motionless horiz velocities and diffusivitis=1E-5 and viscosities=4E-2 and schemes=33 and endTime=12d and cg3dMaxIters=40 and and allowFreezing=T (-1.95) and new diag setup (subset of diff/visc diags) and no wind stress,
mrb_065**,  Albedo,     30.08.2025,  2,            2,    200x1x200,    1,  no,         teos10, -1.358E-4,   8.194E-12, Initial theta and SA from mooring on Sept 4 (WOA Sept above/below/normalised between) and Q=200W, S=-0.03 for middle 50 cells and no sponges and no saltStepping=F and g=9.81 and initialised motionless horiz velocities and diffusivitis=0 and viscosities=0 and schemes=33 and endTime=12d and cg3dMaxIters=40 and and allowFreezing=T (-1.95) and new diag setup (subset of diff/visc diags) and no wind stress,
mrb_066**,  Albedo,     31.08.2025,  2,            2,    200x1x200,    1,  no,         teos10, -1.358E-4,   8.194E-12, Initial theta and SA from mooring on Sept 4 (WOA Sept above/below/normalised between) and Q=200W, S=-0.01 for middle 50 cells and no sponges and no saltStepping=F and g=9.81 and initialised motionless horiz velocities and diffusivitis=0 and viscosities=0 and schemes=33 and endTime=12d and cg3dMaxIters=40 and and allowFreezing=T (-1.95) and new diag setup (subset of diff/visc diags) and no wind stress,
mrb_067***, Albedo,     01.09.2025,  2,            2,    200x1x200,    1,  no,         teos10, -1.358E-4,   8.194E-12, Initial theta and SA from mooring on Sept 4 (WOA Sept above/below/normalised between) and Q=200W, S=-0.03 for middle 50 cells and no sponges and no saltStepping=F and g=9.81 and initialised motionless horiz velocities and diffusivitis=0 and viscosities=0 and schemes=33 and endTime=12d and cg3dMaxIters=40 and and allowFreezing=T (-1.85) and new diag setup (subset of diff/visc diags) and no wind stress,
mrb_068***, Albedo,     01.09.2025,  2,            2,    200x1x200,    1,  no,         teos10, -1.358E-4,   8.194E-12, Initial theta and SA from mooring on Sept 4 (WOA Sept above/below/normalised between) and Q=200W, S=-0.03 for middle 50 cells and no sponges and no saltStepping=F and g=9.81 and initialised motionless horiz velocities and diffusivitis=1E-5 and viscosities=4E-2 and schemes=33 and endTime=12d and cg3dMaxIters=40 and and allowFreezing=T (-1.85) and new diag setup (subset of diff/visc diags) and no wind stress,
mrb_069***, Albedo,     xxxxx.2025,  2,            2,    200x1x200,    1,  no,         teos10, -1.358E-4,   8.194E-12, Initial theta and SA from mooring on Sept 4 (WOA Sept above/below/normalised between) and Q=200W, S=-0.01 for middle 50 cells and no sponges and no saltStepping=F and g=9.81 and initialised motionless horiz velocities and diffusivitis=1E-5 and viscosities=4E-2 and schemes=33 and endTime=12d and cg3dMaxIters=40 and and allowFreezing=T (-1.85) and new diag setup (subset of diff/visc diags) and no wind stress,
mrb_070***, Albedo,     xxxxx.2025,  2,            2,    200x1x200,    1,  no,         teos10, -1.358E-4,   8.194E-12, Initial theta and SA from mooring on Sept 4 (WOA Sept above/below/normalised between) and Q=200W, S=-0.01 for middle 50 cells and no sponges and no saltStepping=F and g=9.81 and initialised motionless horiz velocities and diffusivitis=0 and viscosities=0 and schemes=33 and endTime=12d and cg3dMaxIters=40 and and allowFreezing=T (-1.85) and new diag setup (subset of diff/visc diags) and no wind stress,
mrb_071***, Albedo,     xxxxx.2025,  2,            2,    200x1x200,    1,  no,         teos10, -1.358E-4,   8.194E-12, Initial theta and SA from mooring on Sept 4 (WOA Sept above/below/normalised between) and Q=200W, S=-0.03 for middle 50 cells and no sponges and no saltStepping=F and g=9.81 and initialised motionless horiz velocities and diffusivitis=1E-5 and viscosities=4E-2 and schemes=33 and endTime=12d and cg3dMaxIters=40 and and allowFreezing=T (-1.85) and new diag setup (subset of diff/visc diags) and 0.21 N/m**2 wind stress,
mrb_072***, Albedo,     xxxxx.2025,  2,            2,    200x1x200,    1,  no,         teos10, -1.358E-4,   8.194E-12, Initial theta and SA from mooring on Sept 4 (WOA Sept above/below/normalised between) and Q=200W, S=-0.03 for middle 50 cells and no sponges and no saltStepping=F and g=9.81 and initialised motionless horiz velocities and diffusivitis=1E-3 and viscosities=4E-2 and schemes=33 and endTime=12d and cg3dMaxIters=40 and and allowFreezing=T (-1.85) and new diag setup (subset of diff/visc diags) and no wind stress,

mrb_073,    Albedo,     02.09.2025,  2,            2,  200x200x200,    1,  no,         teos10, -1.358E-4,   8.194E-12, Initial theta and SA from mooring on Sept 4 (WOA Sept above/below/normalised between) and Q=200W, S=-0.03 for middle 50 cells and no sponges and no saltStepping=F and g=9.81 and initialised motionless horiz velocities and diffusivitis=0 and viscosities=smag3d and schemes=33 and endTime=12d and cg3dMaxIters=40 and and allowFreezing=T (-1.85) and new diag setup (subset of diff/visc diags) and no wind stress,
mrb_074,    Albedo,     04.09.2025,  2,            2,  200x200x200,    1,  no,         teos10, -1.358E-4,   8.194E-12, Initial theta and SA from mooring on Sept 4 (WOA Sept above/below/normalised between) and Q=200W, S=-0.03 for middle 50 cells (offset) and no sponges and no saltStepping=F and g=9.81 and initialised motionless horiz velocities and diffusivitis=0 and viscosities=smag3d (with output diags) and schemes=33 and endTime=12d and cg3dMaxIters=40 and and allowFreezing=T (-1.85) and new diag setup (subset of diff/visc diags) and no wind stress,

mrb_075,    Albedo,     05.09.2025,  2,            2,  200x200x200,    1,  no,         teos10, -1.358E-4,   8.194E-12, Initial theta and SA from mooring on Sept 4 (WOA Sept above/below/normalised between) and Q=200W, S=-0.03 for middle 50 cells (offset) and no sponges and no saltStepping=F and g=9.81 and initialised motionless horiz velocities and diffusivitis=0 and viscosities=4E-2 (with output diags) and schemes=33 and endTime=12d and cg3dMaxIters=40 and and allowFreezing=T (-1.85) and new diag setup (subset of diff/visc diags) and no wind stress,
mrb_076,    Albedo,     05.09.2025,  2,            2,  200x200x200,    1,  no,         teos10, -1.358E-4,   8.194E-12, Initial theta and SA from mooring on Sept 4 (WOA Sept above/below/normalised between) and Q=200W, S=-0.03 for middle 50 cells (offset) and no sponges and no saltStepping=F and g=9.81 and initialised motionless horiz velocities and diffusivitis=0 and viscosities=smag3d (with output diags) and schemes=33 and endTime=12d and cg3dMaxIters=40 and and allowFreezing=T (-1.85) and new diag setup (subset of diff/visc diags) and no wind stress,

mk_prof,    RUN WITH INITIAL STRATIFICATION FROM WOA (NORMALISED) WITH HIGH DIFFUSIVITIES AND NO INIT VELOCITIES FOR THE PURPOSE OF EXTRACTING A NICE SLIGHTLY-MORE-SMOOTH INITIAL STRATIFICATION FOR THE ACTUAL RUNS

mrb_077,    Albedo,     08.09.2025,  2,            2,  200x200x200,    1,  no,         teos10, -1.358E-4,   8.194E-12, Initial theta and SA from mooring on Sept 4 (WOA Sept above/below/normalised between and diffusively smoothed, I think) and Q=200W, S=-0.03 for middle 50 cells (offset) and no sponges and no saltStepping=F and g=9.81 and initialised motionless horiz velocities and diffusivitis=0 and viscosities=1E-4 and schemes=33 and endTime=12d and cg3dMaxIters=40 and and allowFreezing=T (-1.85) and new diag setup (subset of diff/visc diags) and no wind stress,
mrb_078,    Albedo,     08.09.2025,  2,            2,  200x200x200,    1,  no,         teos10, -1.358E-4,   8.194E-12, CANCELLED Initial theta and SA from mooring on Sept 4 (WOA Sept above/below/normalised between and diffusively smoothed, I think) and Q=200W, S=-0.03 for middle 50 cells (offset) and no sponges and no saltStepping=F and g=9.81 and initialised motionless horiz velocities and diffusivitis=0 and viscosities=1E-3 and schemes=33 and endTime=12d and cg3dMaxIters=40 and and allowFreezing=T (-1.85) and new diag setup (subset of diff/visc diags) and no wind stress,
mrb_079,    Albedo,     08.09.2025,  2,            2,  200x200x200,    1,  no,         teos10, -1.358E-4,   8.194E-12, Initial theta and SA from mooring on Sept 4 (WOA Sept above/below/normalised between and diffusively smoothed, I think) and Q=200W, S=-0.03 for middle 50 cells (offset) and no sponges and no saltStepping=F and g=9.81 and initialised motionless horiz velocities and diffusivitis=0 and viscosities=1E-2 and schemes=33 and endTime=12d and cg3dMaxIters=40 and and allowFreezing=T (-1.85) and new diag setup (subset of diff/visc diags) and no wind stress,
mrb_080,    Albedo,     08.09.2025,  2,            2,  200x200x200,    1,  no,         teos10, -1.358E-4,   8.194E-12, FAILS Initial theta and SA from mooring on Sept 4 (WOA Sept above/below/normalised between and diffusively smoothed, I think) and Q=200W, S=-0.03 for middle 50 cells (offset) and no sponges and no saltStepping=F and g=9.81 and initialised motionless horiz velocities and diffusivitis=0 and viscosities=1E-4(vert) and viscAhGrid=0.5 and schemes=33 and endTime=12d and cg3dMaxIters=40 and and allowFreezing=T (-1.85) and new diag setup (subset of diff/visc diags) and no wind stress,
mrb_081,    Albedo,     08.09.2025,  2,            2,  200x200x200,    1,  no,         teos10, -1.358E-4,   8.194E-12, Initial theta and SA from mooring on Sept 4 (WOA Sept above/below/normalised between and diffusively smoothed, I think) and Q=200W, S=-0.03 for middle 50 cells (offset) and no sponges and no saltStepping=F and g=9.81 and initialised motionless horiz velocities and diffusivitis=0 and viscosities=1E-4(vert) and viscC2Smag=3.1 and schemes=33 and endTime=12d and cg3dMaxIters=40 and and allowFreezing=T (-1.85) and new diag setup (subset of diff/visc diags) and no wind stress,
mrb_082,    Albedo,     12.09.2025,  2,            2,  200x200x200,    1,  no,         teos10, -1.358E-4,   8.194E-12, Initial theta and SA from mooring on Sept 4 (WOA Sept above/below/normalised between and diffusively smoothed, I think) and Q=200W, S=-0.03 EQUIVALENT distributed over full surface and no sponges and no saltStepping=F and g=9.81 and initialised motionless horiz velocities and diffusivitis=0 and viscosities=1E-4(vert) and viscC2Smag=3.1 and schemes=33 and endTime=12d and cg3dMaxIters=40 and and allowFreezing=T (-1.85) and new diag setup (subset of diff/visc diags) and no wind stress,

POST CELLO

mrb_083,    Albedo,     23.09.2025,  2,            2,  200x200x200,    1,  no,         teos10, -1.358E-4,   8.194E-12, Initial theta and SA from mooring on Sept 4 (WOA Sept above/below/normalised between and diffusively smoothed, I think) and Q=200W, S=-0.03 EQUIVALENT distributed over full surface and no sponges and no saltStepping=F and g=9.81 and initialised motionless horiz velocities and diffusivitis=0 and viscosities=1E-4(vert) and viscC2Smag=3.1 and schemes=33 and endTime=12d and cg3dMaxIters=40 and and allowFreezing=T (-1.85) and new diag setup (subset of diff/visc diags) and no wind stress,


I assume the wind will fight us and the diffusivities will speed
things up BUT to get a deeper plume our only option is to further
densify the (salt stratified) surface water THEREFORE we need to 
look at salinity ROC and see if they're reasonsble, esp compared to
the literature (and of course the mooring). Also please read up
on the science between the diff/visc valus AND consider eg KPP, TKE,
and how they might help. Also consider if the resolution should be
changed? 


New ideas:
FIX PERIODIC SURFACE FORCING!! ... bottom rbcs only? different more defensible periodic surface forcing? random init velocities? at surface only? (*ie more like boshakh's paper*)

REALISING THAT YOU NEED TO ACTIVATE EXF PACKAGE TO USE PERIODID FORCING---DUH
SEE https://github.com/MITgcm-contrib/ecco_darwin/blob/14af8c74c495b6322deb0c105a4e654adcae9ef5/v04/3deg/input/data.exf FOR AN EXAMPLE

*   deleted completely
**  deleted MDS binaries but saved metadata
*** moved to the group so-clim directory
`   shortened test run
